Senha,Tentativas,CPU_s,CUDA_s,Speedup
9999,1679616,3.568623,0.006609,539.9641398093509
67au,934341,1.937868,0.004336,446.92527675276756
zz11,1295630,2.926859,0.00546,536.0547619047619
if26,1529469,3.221772,0.006195,520.0600484261502
bra6,1493606,3.155814,0.006803,463.88563868881374
